source_id,name,category,subcategories,store
4,PUMA Essential Tape Leggings,Women,,umarstore
5,FYOR Sunset Tropics Skirt Set,Women,,umarstore
6,Pleated A-Line Midi Skirt,Women,,umarstore
7,Flora Bella,Accessories,Bags,umarstore
8,HIGH STAR,Women,,umarstore
9,Nike,Accessories,Bags,umarstore
10,NIKE,Women,,umarstore
11,BIRKENSTOCK,Women,,umarstore
12,BIRKENSTOCK,Women,,umarstore
13,Nike Initiator,Women,,umarstore
14,Nike,Women,,umarstore
15,Medium Brasilia Backpack 9.5 (24L),UNISEX,"Bags, NIKE",umarstore
16,Soleira,Women,,umarstore
17,PUMA,Women,,umarstore
18,PARAJOHN Bubalio 30L School Backpack,UNISEX,"Bags, Backpacks",umarstore
59,Styli Styli Men Nav,Men,"Men, Clothing, Clothing Polo Shirts",umarstore
60,H&M Slim Fit Textur,Men,"Men, Clothing, Clothing Shirts",umarstore
458,Kelly Cadenas pendan,Kelly,Women,umarstore
459,"Kelly bracelet, smal",Kelly,Women,umarstore
460,"Kelly Cadenas ring,",Kelly,Women,umarstore
461,"Kelly watch, Mini mo",Rings,Women,umarstore
462,S1000 Plus Wireless,Computer Mouse,Computers & Accessories,umarstore
463,Kelly ring,Kelly,Women,umarstore
464,Chaine d'ancre Danae,Chaînes d’ancre,Women,umarstore
465,Kelly Gavroche neckl,Kelly,Women,umarstore
466,DL1368040 STERLING S,Bracelets,"Women, Clothing",Elite Essentials
467,Adidas BLACK Gear Me,Women,"Bags, Women",Elite Essentials
468,Styli Active,Men,,Elite Essentials
469,Kelly Clochette earr,Kelly,Women,Elite Essentials
470,Take Two,Men,,Elite Essentials
471,"Kelly bracelet, smal",Kelly,Women,umarstore
472,Kelly Clochette earr,Kelly,Women,umarstore
473,Kelly Gavroche dangl,Kelly,Women,umarstore
474,NIKE,Women,,Elite Essentials
475,Nike Initiator,Women,,Elite Essentials
476,Nike,Women,,Elite Essentials
477,Flora Bella,Accessories,Bags,Elite Essentials
478,Styli,Men,,Elite Essentials
479,Medium Brasilia Backpack 9.5 (24L),UNISEX,"Bags, NIKE",Elite Essentials
480,CALVIN KLEIN,Men,Bags,Elite Essentials
481,FYOR,Women,Bags,Elite Essentials
482,Mango Man 100% cotton slim-fit striped shirt for Men | Best Price UAE,Men,"Men, Clothing, Clothing Shirts",Elite Essentials
483,VALENTINO BY MARIO V,Women,"Bags, Women",Elite Essentials
484,CALVIN KLEIN Logo B,Women,"Women, Clothing",Elite Essentials
485,CALVIN KLEIN SHORELI,Women,"Women, Clothing",Elite Essentials
486,Calvin Klein Jeans,Women,Women,Elite Essentials
487,Calvin Klein Jeans,Women,"Women, Clothing",Elite Essentials
488,Adidas BLACAR/BLACAR,Men,Men,Elite Essentials
489,اشتري فيرزاتشي ساعة,Men,Men,Elite Essentials
490,DIESEL Logo Elegant,Men,Men,Elite Essentials
491,CALVIN KLEIN BLACK S,Men,Men,Elite Essentials
492,GLAMOROUS BLUE Heele,Women,Women,Elite Essentials
493,TOMMY JEANS Dark Nig,Women,"Bags, Women",Elite Essentials
494,THE NORTH FACE Black,Women,"Bags, Women",Elite Essentials
495,THE NORTH FACE Black,Men,"Bags, Men",Elite Essentials
496,Celeste BROWN Women,Women,Women,Elite Essentials
497,Ella Limited Edition,Women,Women,Elite Essentials
498,Celeste BROWN Women,Women,Women,Elite Essentials
499,FOSSIL Carlie Leath,Women,Women,Elite Essentials
501,PINACOLADA Women's,Women,"Women, Clothing",Michael’s fashion store
502,New Balance MOONBEAM,Women,Women,Michael’s fashion store
503,Ionic Gold Plated St,Women's Earrings Stud,Women,Michael’s fashion store
504,Ashlyn Logo Detail C,"Women's Wallets, Card Cases & Money Organizers",Women,Michael’s fashion store
505,Nike TEAM CRIMSON/WH,Women,Women,Michael’s fashion store
506,New Balance WHITE (1,Women,Women,Michael’s fashion store
507,Eros EDP For Women 1,Fragrance,Fragrance,Michael’s fashion store
508,Nike PHANTOM/PHANTOM,kids,"Kids Boys, Kids Shoes Boys",Michael’s fashion store
509,Ergonomic gaming cha,Video Game Chairs,Furniture,Michael’s fashion store
510,Medium Brasilia Backpack 9.5 (24L),UNISEX,"Bags, NIKE",Michael’s fashion store
511,ELLA Off Shoulder T,Women,"Women, Clothing",Michael’s fashion store
512,COACH 2-Hand Cadie,Women,Women,Michael’s fashion store
513,CHASE Abir 2.0 Dres,Women,"Women, Clothing",Michael’s fashion store
514,Hermès Ex-Libris pen,Equestrian,Women,Elite Essentials
515,"Mix and H necklace,",Equestrian,Women,Elite Essentials
516,"Cape Cod watch, Smal",Timepieces,Women,Elite Essentials
527,Just Nature mint gre,Women,"Women, Clothing",Michael’s fashion store
528,PUMA,Women,,Michael’s fashion store
529,Sunfere Tiana Cap S,Women,"Women, Clothing",Michael’s fashion store
530,Sunfere Every Love,Women,"Women, Clothing",Michael’s fashion store
531,LACOSTE L12Sw Analo,Men,Women,Michael’s fashion store
532,TOMMY HILFIGER,Men,Bags,Michael’s fashion store
533,TOMMY HILFIGER,Men,Bags,Michael’s fashion store
534,PARAJOHN Bubalio 30L School Backpack,UNISEX,"Bags, Backpacks",Michael’s fashion store
535,New Balance 740 cas,Women,Women,Michael’s fashion store
536,New Balance Black 53,Women,Women,Michael’s fashion store
537,Bella Barnett Palez,Women,"Women, Clothing",Michael’s fashion store
538,Soleira,Women,,Michael’s fashion store
539,Nike ANTHRACITE/BLUE,kids,"Kids Boys, Kids Shoes Boys",Michael’s fashion store
540,Nike Initiator,Women,,Michael’s fashion store
541,VALENTINO BY MARIO V,Women,"Bags, Women",Michael’s fashion store
542,Jordan BROWN KELP/KH,Women,Women,Michael’s fashion store
543,Threadz by Ajooni P,Women,"Women, Clothing",Michael’s fashion store
544,CALVIN KLEIN Monogr,Women,"Bags, Women",Michael’s fashion store
545,SURALLOW RX 580 Gra,Graphics Cards,Computers & Accessories,The Fashion Vault
546,TUF Gaming RTX 5070,Graphics Cards,Computers & Accessories,The Fashion Vault
547,Nova Gaming PC - Int,Tower PCs,Computers & Accessories,The Fashion Vault
548,Dark Nova Gaming PC,Tower PCs,Computers & Accessories,The Fashion Vault
549,HiFly Gaming PC - In,Tower PCs,Computers & Accessories,The Fashion Vault
550,32 Inch Curved Gamin,Monitors,Computers & Accessories,The Fashion Vault
551,27 Odyssey G5 QHD 20,Monitors,Computers & Accessories,The Fashion Vault
552,Men Stainless Steel,Men's Wrist Watches,Men,The Fashion Vault
553,Men Stainless Steel,Men's Wrist Watches,Men,The Fashion Vault
554,Pleated A-Line Midi Skirt,Women,,Michael’s fashion store
555,Flora Bella,Accessories,Bags,Michael’s fashion store
556,Hermès Ex-Libris ear,Equestrian,Women,Michael’s fashion store
557,Point Sellier left s,Earrings,Women,Michael’s fashion store
558,Collier de chien rin,Equestrian,Women,Michael’s fashion store
559,Fil Rond wedding ban,Precious moments,Women,Michael’s fashion store
560,Ariane wedding band,Precious moments,Women,Michael’s fashion store
561,Ariane wedding band,Precious moments,Women,Michael’s fashion store
562,Ever Herakles weddin,Precious moments,Women,Michael’s fashion store
563,DIESEL Logo Elegant,Men,Men,Elite Haven
564,Kelly ring,Kelly,Women,Elite Haven
565,Kelly Cadenas pendan,Kelly,Women,Elite Haven
566,Kelly Chaine bracele,Kelly,Women,Elite Haven
567,Kelly Clochette brac,Kelly,Women,Elite Haven
568,Chaine d'ancre Verso,Chaînes d’ancre,Women,Elite Haven
569,Chaine d'ancre Danae,Chaînes d’ancre,Women,Elite Haven
570,"Farandole earrings,",Chaînes d’ancre,Women,Elite Haven
571,"Farandole pendant, s",Chaînes d’ancre,Women,Elite Haven
572,Chaine d'ancre Encha,Chaînes d’ancre,Women,Elite Haven
573,"H d'ancre ring, smal",Chaînes d’ancre,Women,Elite Haven
574,Hermès Clou d'H brac,Equestrian,Women,Elite Haven
575,Hermès Clou d'H ring,Equestrian,Women,Elite Haven
576,"Clou de forge ring,",Equestrian,Women,Elite Haven
577,Hermès Ex-Libris ear,Equestrian,Women,Elite Haven
578,Hermès Clou d'H pend,Equestrian,Women,Elite Haven
579,Hermès Clou d'H ring,Equestrian,Women,Elite Haven
580,Hermès Ex-Libris bra,Equestrian,Women,Elite Haven
581,Collier de chien rin,Equestrian,Women,Elite Haven
582,Hermès Ex-Libris ear,Equestrian,Women,Elite Haven
583,Ever Kelly wedding b,Precious moments,Women,Elite Haven
584,Ariane wedding band,Precious moments,Women,Elite Haven
585,Ever Herakles weddin,Precious moments,Women,Elite Haven
586,Ever Herakles weddin,Precious moments,Women,Elite Haven
587,"Kelly ring, small mo",Kelly,Women,Elite Haven
588,BIRKENSTOCK,Women,,Elite Essentials
589,Celeste,Women,Bags,Elite Essentials
590,Kelly Chaine bracele,Kelly,Women,The Fashion Vault
591,"Farandole pendant, s",Chaînes d’ancre,Women,The Fashion Vault
592,Hermès Clou d'H pend,Equestrian,Women,The Fashion Vault
593,Adidas CBLACK/CBLACK,Men,Men,Michael’s fashion store
594,Pack of 2 Canon Pixm,Ink Cartridges,Computers & Accessories,Michael’s fashion store
595,Nike CAVE STONE/BLAC,kids,"Kids Girls, Kids Shoes Girls",Michael’s fashion store
596,Calvin Klein Jeans S,Women,"Women, Clothing",Michael’s fashion store
597,Flora Bella,Accessories,Bags,Michael’s fashion store
598,Small Crinkle Zip Ar,Women's Wallets,Women,Michael’s fashion store
599,FYOR,Women,Bags,Michael’s fashion store
600,FYOR Sunset Tropics Skirt Set,Women,,Michael’s fashion store
601,Bright Crystal EDT 9,Fragrance,Fragrance,Michael’s fashion store
602,DKNY,Women,Bags,Michael’s fashion store
603,American Eagle,Men,,Michael’s fashion store
604,FRWD,Men,,Michael’s fashion store
605,Celeste,Women,Bags,Michael’s fashion store
606,DUCHINI Men Laptop Compartment Backpack,Men,Bags,Michael’s fashion store
607,Calvin Klein Jeans,Women,Women,Michael’s fashion store
608,CALVIN KLEIN SHORELI,Women,"Women, Clothing",Michael’s fashion store
609,CALVIN KLEIN Cotton,Women,"Women, Clothing",Michael’s fashion store
610,Ever Kelly wedding b,Precious moments,Women,Michael’s fashion store
611,"Farandole earrings,",Earrings,Women,Michael’s fashion store
612,Amulettes Hermès Ex-,Necklaces and pendants,Women,Michael’s fashion store
613,DX1624040 JEWELLERY,Necklaces,"Women, Clothing",Michael’s fashion store
614,DX1670710 JEWELLERY,Necklaces,"Women, Clothing",Michael’s fashion store
615,DX1469,Bracelets,"Women, Clothing",Michael’s fashion store
616,DZ5606 WATCH,Watches,"Women, Clothing",Michael’s fashion store
617,DZ2236 WATCH,Timeframes,"Women, Clothing",Michael’s fashion store
618,DX1707040 JEWELLERY,Bracelets,"Women, Clothing",Michael’s fashion store
619,DZ4683,Timeframes,"Women, Clothing",Michael’s fashion store
620,22 Karat 916 Purity,Men's Jewellery,Men,Michael’s fashion store
621,CALVIN KLEIN Grey He,Women,"Women, Clothing",Michael’s fashion store
622,CALVIN KLEIN Ice Wat,Women,"Women, Clothing",Michael’s fashion store
623,CALVIN KLEIN Thong,Women,"Women, Clothing",Michael’s fashion store
624,Adage ring,Chaînes d’ancre,Women,Elite Essentials
625,Chaine d'ancre Danae,Chaînes d’ancre,Women,Elite Essentials
626,Men Water Resistant,Men's Wrist Watches,Men,Elite Essentials
627,DZ5615 WATCH,Watches,"Women, Clothing",Elite Essentials
628,DZ4704 WATCH,Timeframes,"Women, Clothing",Elite Essentials
629,DZ7484,Timeframes,"Women, Clothing",Elite Essentials
630,Prime RTX 5070 12GB,Graphics Cards,Computers & Accessories,Elite Essentials
631,Battle Gaming PC - I,Tower PCs,Computers & Accessories,Elite Essentials
632,34 inch MI Curved Ga,Monitors,Computers & Accessories,Elite Essentials
633,"Kelly bracelet, smal",Kelly,Women,Prestige World
634,Adage ring,Gold Jewelry,Women,Prestige World
635,Alchimie Hermes ring,Kelly,Women,Prestige World
636,"Vertige pendant, sma",Gold Jewelry,Women,Prestige World
637,"Farandole earrings,",Earrings,Women,Prestige World
638,Vertige ring,Gold Jewelry,Women,Prestige World
639,Men Stainless Steel,Men's Wrist Watches,Men,Prestige World
640,Planètes & Météores,Precious moments,Women,Prestige World
641,"Farandole earrings,",Earrings,Women,Prestige World
642,PUMA,Women,,Prestige World
643,BIRKENSTOCK,Women,,Prestige World
644,Nitro V Gaming Lapto,Notebook Laptops,Computers & Accessories,Prestige World
645,STELLA MCCARTNEY Wom,Party Dresses,Women,Prestige World
646,Lululemon Women Stan,Women's Track Jacket,Women,Prestige World
647,Embroidered Fit & Fl,Mini Dresses,Women,Prestige World
648,Tom Ford Winona Cat,Women's Sunglasses,Women,Prestige World
649,Nappa Leather Flats,Flat Sandals,Women,Prestige World
650,Strathberry Mosaic B,Bags,Women,Prestige World
651,Mega Deal 📣 PINKO Lo,Bags,Women,Prestige World
652,Strathberry East Wes,Bags,Women,Prestige World
653,Frye Melissa Zip Sat,Women's Handbags,Women,Prestige World
654,Michael Kors Laila M,Women's Handbags,Women,Prestige World
655,Hermès Videpoches ba,Women's bags and clutches,Women,Prestige World
656,Hermès Videpoches ba,Women's bags and clutches,Women,Prestige World
657,Hermès In-the-Loop 1,Women's bags and clutches,Women,Prestige World
658,"Lipari 70 sandal, Bl",Sandals,Women,Prestige World
659,Deal Dolce & Gabbana,Women's Dresses,Women,Prestige World
660,"""Ferronnerie Remix""",Knitwear and twillaines,Women,Prestige World
661,Short-sleeve sweater,Knitwear and twillaines,Women,Prestige World
662,"""Ferronnerie Remix""",Pants and shorts,Women,Prestige World
663,PINKO Logo Detail Fl,Bags,Women,Elite Essentials
664,"""Aux Champs en Fleur",Pants and shorts,Women,Prestige World
665,"Leather jacket, Beig",Coats and jackets,Women,Prestige World
666,"Wrap miniskirt, Whit",Dresses and skirts,Women,Prestige World
667,"""Aux Champs en Fleur",Dresses and skirts,Women,Prestige World
668,No.5 EDP 100ml,Eau de Parfum,Fragrance,Prestige World
669,Neroli Portofino Eau,Eau de Parfum,Fragrance,Prestige World
670,OGIO Pace Pro Duffel,OGIO Pace,"Bags, Women, Clothing",Elite Essentials
671,Mega Deal 📣 PINKO Lo,Bags,Women,Elite Essentials
672,Frederic Malle Portr,Dresses,"Women, Clothing",Elite Essentials
673,Loungefly How the Gr,Women's Handbags,Women,Elite Essentials
674,"Chypre sandal, Blue",Sandals,Women,Elite Essentials
675,12Kg Front Load Wash,Washing Machine,"Home Improvement, Washing Machines",Michael’s fashion store
676,HITACHI Top Load Ful,HITACHI,"Home Improvement, Washing Machines",Michael’s fashion store
677,"Seoul S, Small Backp",OGIO Pace,"Bags, Women, Clothing",Michael’s fashion store
678,LeSportsac Hobo Bag,LeSportsac Hobo,,Michael’s fashion store
679,PINKO Large Puff Max,Bags,Women,Michael’s fashion store
680,Tumi Service Crossbo,Bags,Women,Michael’s fashion store
681,Deal SONASHI 9.5kg F,SONASHI,"Home Improvement, Washing Machines",Michael’s fashion store
682,Hedgren Rush RFID Cr,Hedgren Rush,,Michael’s fashion store
683,Thule Crossover 2 Du,Bags,"Bags, Women",Michael’s fashion store
684,Strathberry Stylist,Bags,Women,Michael’s fashion store
685,Brooks England Brook,Bags,Women,Michael’s fashion store
686,Strathberry Kite Cha,Bags,Women,Michael’s fashion store
687,Mega Deal 📣 PINKO Lo,Bags,Women,Michael’s fashion store
688,Mega Deal 📣 PINKO Mi,Bags,Women,Michael’s fashion store
689,Mega Deal 📣 PINKO Lo,Bags,Women,Michael’s fashion store
690,Mega Deal 📣 PINKO Sm,Bags,Women,Michael’s fashion store
691,Mega Deal 📣 PINKO Sm,Bags,Women,Michael’s fashion store
692,PINKO Mini Puff Maxi,Bags,Women,Michael’s fashion store
693,Tumi Monroe Men's Wa,Bags,Women,Michael’s fashion store
694,Samsonite Biz2Go 15.,Bags,Women,Michael’s fashion store
695,PINKO Small pocket L,Bags,Women,Michael’s fashion store
696,PINKO Logo Detail Fl,Dresses,"Women, Clothing",Michael’s fashion store
697,PINKO Small Puff Max,Bags,Women,Michael’s fashion store
698,TOMMY HILFIGER Woven,Bags,Women,Michael’s fashion store
699,Strathberry Mini Tot,Bags,Women,Michael’s fashion store
700,Strathberry East Wes,Bags,Women,Michael’s fashion store
701,Frederic Malle Portr,Dresses,"Women, Clothing",Michael’s fashion store
702,kate spade new york,Women's Handbags,Women,Michael’s fashion store
703,Eight & Bob Egypt,Dresses,"Women, Clothing",Michael’s fashion store
704,Loungefly How the Gr,Women's Handbags,Women,Michael’s fashion store
705,Retro Canvas Crossbo,Women's Handbags,Women,Michael’s fashion store
706,Lug Rumble Satchel B,Women's Handbags,Women,Michael’s fashion store
707,Frye womens Frye Sho,Women's Handbags,Women,Michael’s fashion store
708,Grain De Beaute Loge,Bags,Women,Michael’s fashion store
709,CALVIN KLEIN Logo Le,Women's Handbags,Women,Michael’s fashion store
710,Michael Kors Laila M,Women's Handbags,Women,Michael’s fashion store
711,Hermès Videpoches ba,Women's bags and clutches,Women,Prestige World
712,"Nuba 50 sandal, Blac",Sandals,Women,Prestige World
713,"Mythic 105 sandal, B",Sandals,Women,Prestige World
714,"Nina sandal, Black",Sandals,Women,Prestige World
715,"Naxos sandal, Beige/",Sandals,Women,Michael’s fashion store
716,"Noa 95 sandal, Beige",Sandals,Women,Michael’s fashion store
717,"Noria sandal, Red",Sandals,Women,Michael’s fashion store
718,"Naos sandal, Black",Sandals,Women,Michael’s fashion store
719,"Lipari 70 sandal, Bl",Sandals,Women,Michael’s fashion store
720,"Lagune sandal, White",Sandals,Women,Michael’s fashion store
721,VENTIUP Women Long S,Women's Dresses,Women,Michael’s fashion store
722,Deal GIVENCHY Women,Party Dresses,Women,Michael’s fashion store
723,"""L'Enseigne du Selli",Knitwear and twillaines,Women,Michael’s fashion store
724,Samsung 11Kg Front l,Samsung,"Home Improvement, Washing Machines",LuxeNest Luxury
725,12Kg Front Load Wash,Washing Machine,"Home Improvement, Washing Machines",LuxeNest Luxury
726,Hedgren Rush RFID Cr,Hedgren Rush,,LuxeNest Luxury
727,LeSportsac Hobo Bag,LeSportsac Hobo,,LuxeNest Luxury
728,THULE Chasm Duffel b,Bags,"Bags, Women",LuxeNest Luxury
729,"Seoul S, Small Backp",OGIO Pace,"Bags, Women, Clothing",LuxeNest Luxury
730,Strathberry Mosaic B,Bags,Women,LuxeNest Luxury
731,Tumi Alpha Bravo Ser,Dresses,"Women, Clothing",LuxeNest Luxury
732,PINKO Logo Detail Fl,Bags,Women,LuxeNest Luxury
733,PINKO Large Puff Max,Bags,Women,LuxeNest Luxury
734,Strathberry Kite Cha,Bags,Women,LuxeNest Luxury
735,Bellroy Venture Trav,Bags,Women,LuxeNest Luxury
736,Tumi Men's Black Lig,Bags,Women,LuxeNest Luxury
737,Strathberry Stylist,Bags,Women,LuxeNest Luxury
738,Amouage Honour 43 Ex,Dresses,"Women, Clothing",LuxeNest Luxury
739,Amouage Purpose 50 E,Dresses,"Women, Clothing",LuxeNest Luxury
740,Frederic Malle Portr,Dresses,"Women, Clothing",LuxeNest Luxury
741,Eight & Bob Egypt,Dresses,"Women, Clothing",LuxeNest Luxury
742,Anna by Anuschka Han,Women's Handbags,Women,LuxeNest Luxury
743,kate spade new york,Women's Handbags,Women,LuxeNest Luxury
744,Frye Nora Knotted Ho,Women's Handbags,Women,LuxeNest Luxury
745,BRAHMIN Melbourne Hi,Dresses,"Women, Clothing",LuxeNest Luxury
746,PUMA,Women,,LuxeNest Luxury
747,NIKE,Women,,LuxeNest Luxury
748,BIRKENSTOCK,Women,,LuxeNest Luxury
749,Nike Initiator,Women,,LuxeNest Luxury
750,HIGH STAR,Women,,LuxeNest Luxury
751,Sunfere Alisha Slee,Women,"Women, Clothing",LuxeNest Luxury
752,H&M Regular Fit Cot,Men,"Men, Clothing, Clothing Polo Shirts",LuxeNest Luxury
753,Mango Man 100% cotton slim-fit striped shirt for Men | Best Price UAE,Men,"Men, Clothing, Clothing Shirts",LuxeNest Luxury
754,LACOSTE,Women,Watches,LuxeNest Luxury
755,PUMA,Men,,LuxeNest Luxury
756,CALVIN KLEIN SHORELI,Women,"Women, Clothing",LuxeNest Luxury
757,CALVIN KLEIN Thong,Women,"Women, Clothing",LuxeNest Luxury
758,Calvin Klein Jeans,Women,Women,LuxeNest Luxury
759,CALVIN KLEIN Tight,Women,"Women, Clothing",LuxeNest Luxury
760,Calvin Klein Jeans B,Women,Women,LuxeNest Luxury
761,Adidas BLACAR/BLACAR,Men,Men,LuxeNest Luxury
762,Tumi Monroe Men's Wa,Bags,Women,HarrisonMalik Luxury Store
763,12Kg Front Load Wash,Washing Machine,"Home Improvement, Washing Machines",HarrisonMalik Luxury Store
764,"Seoul S, Small Backp",OGIO Pace,"Bags, Women, Clothing",HarrisonMalik Luxury Store
765,12Kg Front Load Wash,Washing Machine,"Home Improvement, Washing Machines",The Lux Hub
766,HITACHI Top Load Ful,HITACHI,"Home Improvement, Washing Machines",The Lux Hub
767,Deal SONASHI 9.5kg F,SONASHI,"Home Improvement, Washing Machines",The Lux Hub
768,Hedgren Rush RFID Cr,Hedgren Rush,,The Lux Hub
769,OGIO Pace Pro Duffel,OGIO Pace,"Bags, Women, Clothing",The Lux Hub
770,Tumi Alpha Bravo Ser,Dresses,"Women, Clothing",The Lux Hub
771,Strathberry Stylist,Bags,Women,The Lux Hub
772,PINKO Logo Detail Fl,Bags,Women,The Lux Hub
773,PINKO Large Puff Max,Bags,Women,The Lux Hub
774,Bellroy Venture Trav,Bags,Women,The Lux Hub
775,THULE Chasm Duffel b,Bags,"Bags, Women",The Lux Hub
776,Brooks England Brook,Bags,Women,The Lux Hub
777,Strathberry Kite Cha,Bags,Women,The Lux Hub
778,Tumi Monroe Men's Wa,Bags,Women,The Lux Hub
779,PINKO Small Puff Max,Bags,Women,The Lux Hub
780,PINKO Logo Detail Fl,Dresses,"Women, Clothing",The Lux Hub
781,Amouage Purpose 50 E,Dresses,"Women, Clothing",The Lux Hub
782,Amouage Honour 43 Ex,Dresses,"Women, Clothing",The Lux Hub
783,Anna by Anuschka Wom,Women's Handbags,Women,The Lux Hub
784,Lug Rumble Satchel B,Women's Handbags,Women,The Lux Hub
785,Hermès Videpoches ba,Women's bags and clutches,Women,The Lux Hub
786,Grain De Beaute Tria,Women's Handbags,Women,The Lux Hub
787,Hermès Videpoches ba,Women's bags and clutches,Women,The Lux Hub
788,Grain De Beaute Bast,Women's Handbags,Women,The Lux Hub
789,Hush Puppies Fashion,Women's Handbags,Women,The Lux Hub
790,Hermès Videpoches ba,Women's bags and clutches,Women,The Lux Hub
791,"Oran sandal, Blue",Sandals,Women,The Lux Hub
792,Loquat Women's Off S,Women's Dresses,Women,The Lux Hub
793,TOMMY HILFIGER Relax,Women's Dresses,Women,The Lux Hub
794,MARYISA High Neck Se,Women's Dresses,Women,The Lux Hub
795,Frock and Frill Prin,Women's Dresses,Women,The Lux Hub
796,Deal GIVENCHY Women,Party Dresses,Women,The Lux Hub
797,NIVA FASHION HOUSE S,Party Dresses,Women,The Lux Hub
798,Cashmere short skirt,Knitwear and twillaines,Women,The Lux Hub
799,"""Ex-Libris"" short-sl",Knitwear and twillaines,Women,The Lux Hub
800,"""Ferronnerie"" long-s",Knitwear and twillaines,Women,The Lux Hub
801,"""Medor"" long-sleeve",Knitwear and twillaines,Women,The Lux Hub
802,"""Ex-Libris"" long-sle",Knitwear and twillaines,Women,The Lux Hub
803,"""Cahier du Colporteu",Knitwear and twillaines,Women,The Lux Hub
804,"""En diagonale"" swim",Beachwear,"Women, Men",The Lux Hub
805,Xbox Series X 1TB Co,Consoles,Video Games,The Lux Hub
806,Xbox Series S 512 GB,Consoles,Video Games,The Lux Hub
807,Xbox Series S 512 Gb,Consoles,Video Games,The Lux Hub
808,Xbox Series X Consol,Consoles,Video Games,The Lux Hub
809,Xbox Series X 1TB Co,Consoles,Video Games,The Lux Hub
810,Xbox Series X 1TB Co,Consoles,Video Games,The Lux Hub
811,Logitech G29 Driving,Video Game Accessories,Video Games,The Lux Hub
812,1TB Xbox Series X Co,Consoles,Video Games,The Lux Hub
813,Xbox Series S 512 GB,Consoles,Video Games,The Lux Hub
814,PlayStation 5 Slim C,Consoles,Video Games,The Lux Hub
815,PlayStation 5 Slim C,Consoles,Video Games,The Lux Hub
816,PlayStation 5 Consol,Consoles,Video Games,The Lux Hub
817,Television 55-Inch S,Televisions,Television & Video,The Lux Hub
818,Television 75 Inch S,Televisions,Television & Video,The Lux Hub
819,85 Inch Crystal UHD,Televisions,Television & Video,The Lux Hub
820,Hisense 75 inch QLED,Televisions,Television & Video,The Lux Hub
821,85-Inch 4K UHD A6Q S,Televisions,Television & Video,The Lux Hub
822,"85 Inch UHD TV, 4K U",Televisions,Television & Video,The Lux Hub
823,55 inch Smart TV UHD,Televisions,Television & Video,The Lux Hub
824,LACOSTE,Women,Watches,The Lux Hub
825,Kelly Gourmette brac,Kelly,Women,The Lux Hub
826,Kelly ring,Kelly,Women,The Lux Hub
827,Kelly Chaine bracele,Kelly,Women,The Lux Hub
828,Kelly ring,Kelly,Women,The Lux Hub
829,"Clou de forge ring,",Equestrian,Women,The Lux Hub
830,"Etriviere ring, smal",Equestrian,Women,The Lux Hub
831,Men Stainless Steel,Men's Wrist Watches,Men,The Lux Hub
832,DIESEL Logo Elegant,Men,Men,HarrisonMalik Luxury Store
833,BOSS Rian Necklace,Men,Men,HarrisonMalik Luxury Store
834,GUESS Long Pendent,Men,Men,HarrisonMalik Luxury Store
835,CALVIN KLEIN Magfy,Men,Men,HarrisonMalik Luxury Store
836,Michael Kors Jetset,Women,Women,HarrisonMalik Luxury Store
837,Michael Kors Multico,Women,Women,HarrisonMalik Luxury Store
838,اشتري فيرزاتشي ساعة,Men,Men,HarrisonMalik Luxury Store
839,OLIVIA BURTON Vegan,Women,Women,HarrisonMalik Luxury Store
840,FOSSIL Classic Ste,Women,Women,HarrisonMalik Luxury Store
841,Threadz by Ajooni P,Women,"Women, Clothing",HarrisonMalik Luxury Store
842,HITACHI Top Load Ful,HITACHI,"Home Improvement, Washing Machines",HarrisonMalik Luxury Store
843,Deal SONASHI 9.5kg F,SONASHI,"Home Improvement, Washing Machines",HarrisonMalik Luxury Store
844,Hedgren Rush RFID Cr,Hedgren Rush,,HarrisonMalik Luxury Store
845,LeSportsac Hobo Bag,LeSportsac Hobo,,HarrisonMalik Luxury Store
846,THULE Chasm Duffel b,Bags,"Bags, Women",HarrisonMalik Luxury Store
847,OGIO Pace Pro Duffel,OGIO Pace,"Bags, Women, Clothing",HarrisonMalik Luxury Store
848,THULE Chasm Duffel B,Bags,"Bags, Women",HarrisonMalik Luxury Store
849,Strathberry Mosaic B,Bags,Women,HarrisonMalik Luxury Store
850,Baggallini Modern Co,Bags,Women,Elite Essentials
851,Samsung 11Kg Front l,Samsung,"Home Improvement, Washing Machines",The Lux Hub
852,Michael Kors VANILLA,Women,"Bags, Women",Elite Haven
853,Michael Kors Multico,Women,Women,Elite Haven
854,H and M,Accessories,Bags,Elite Haven
855,"Seoul S, Small Backp",OGIO Pace,"Bags, Women, Clothing",Elite Haven
856,Kelly Clochette brac,Kelly,Women,Elite Haven
857,Kelly Gavroche dangl,Kelly,Women,Elite Haven
858,"Roulis mini bag, Blu",Women's bags and clutches,Women,Elite Haven
859,"Kelly bracelet, smal",Kelly,Women,Elite Haven
860,"Jypsiere mini bag, R",Women's bags and clutches,Women,Elite Haven
861,Ever Chaine d'ancre,Gold Jewelry,Women,Elite Haven
862,Finesse earrings,Chaînes d’ancre,Women,Elite Haven
863,"Vertige pendant, sma",Gold Jewelry,Women,Elite Haven
864,Kelly Gavroche earri,Kelly,Women,Elite Haven
865,Mix and H ring,Equestrian,Women,Elite Haven
866,Chaine d'ancre Danae,Chaînes d’ancre,Women,Elite Haven
867,Kelly ring,Kelly,Women,Elite Haven
868,Kelly Gavroche ring,Kelly,Women,Elite Haven
869,Hermès Clou d'H ring,Equestrian,Women,Elite Haven
870,"Cape Cod watch, Smal",Timepieces,Women,Elite Haven
871,"Hermès Cut watch, La",Rings,Women,Elite Haven
872,Farandole ring,Chaînes d’ancre,Women,Elite Haven
873,"Tablier Sellier bag,",Women's bags and clutches,Women,Elite Haven
874,Hermès In-the-Loop 1,Women's bags and clutches,Women,Elite Haven
875,Clou de forge bracel,Equestrian,Women,Elite Haven
876,"P'tit Arcon bag, Whi",Women's bags and clutches,Women,Elite Haven
877,Hermès Clou d'H pend,Equestrian,Women,Elite Haven
878,Ever Chaine d'ancre,Chaînes d’ancre,Women,Elite Haven
879,Vertige ring,Gold Jewelry,Women,Elite Haven
880,"Kelly watch, Mini mo",Timepieces,Women,Elite Haven
881,Hermès Clou d'H brac,Equestrian,Women,Elite Haven
882,"Clou de forge ring,",Equestrian,Women,Elite Haven
883,Kelly Clochette ring,Kelly,Women,Elite Haven
884,"Heure H watch, Mediu",Timepieces,Women,Elite Haven
885,Kelly Clochette ring,Kelly,Women,Elite Haven
886,"Heure H watch, Small",Timepieces,Women,Elite Haven
887,Kelly Chaine bracele,Kelly,Women,Elite Haven
888,Ever Herakles weddin,Precious moments,Women,Elite Haven
889,Farandole long neckl,Necklaces and pendants,Women,Elite Haven
890,"Farandole bracelet,",Chaînes d’ancre,Women,Elite Haven
891,Ever Herakles weddin,Precious moments,Women,Elite Haven
892,Point Sellier neckla,Necklaces and pendants,Women,Elite Haven
893,Ever Herakles weddin,Precious moments,Women,Elite Haven
894,Farandole long neckl,Chaînes d’ancre,Women,Elite Haven
895,Point Sellier long p,Necklaces and pendants,Women,Elite Haven
896,Ever Herakles weddin,Rings,Women,Elite Haven
897,Chaine d'ancre Multi,Rings,Women,Elite Haven
898,Fil Rond wedding ban,Precious moments,Women,Elite Haven
899,Ariane wedding band,Precious moments,Women,Elite Haven
900,Ariane wedding band,Precious moments,Women,Elite Haven
901,Chaine d'ancre Punk,Chaînes d’ancre,Women,Elite Haven
902,"Point Sellier ring,",Rings,Women,Elite Haven
903,Point Sellier earrin,Earrings,Women,Elite Haven
904,Chaine d'ancre Encha,Rings,Women,Elite Haven
905,"Clou de forge ring,",Rings,Women,Elite Haven
906,"Point Sellier ring,",Rings,Women,Elite Haven
907,Chaine d'ancre Alea,Rings,Women,Elite Haven
908,"Loop earrings, mediu",Earrings,Women,Elite Haven
909,"Farandole earrings,",Earrings,Women,Elite Haven
910,Chaine d'ancre Encha,Rings,Women,Elite Haven
911,"Amazone Hermes ring,",Rings,Women,Elite Haven
912,Chaine d'ancre penda,Necklaces and pendants,Women,Elite Haven
913,Amulettes Hermès Ex-,Necklaces and pendants,Women,Elite Haven
914,Point Sellier left s,Earrings,Women,Elite Haven
915,DZ4704 WATCH,Timeframes,"Women, Clothing",Elite Haven
916,DZ7487,Timeframes,"Women, Clothing",Elite Haven
917,DZ7484,Timeframes,"Women, Clothing",Elite Haven
918,"Farandole earrings,",Earrings,Women,Elite Haven
919,DZ2234 WATCH,Timeframes,"Women, Clothing",Elite Haven
920,DL1369040 STERLING S,Necklaces,"Women, Clothing",Elite Haven
921,DZ4709 WATCH,Timeframes,"Women, Clothing",Elite Haven
922,DZ2185,Timeframes,"Women, Clothing",Elite Haven
923,DZ4705 WATCH,Timeframes,"Women, Clothing",Elite Haven
924,DZ4682,Timeframes,"Women, Clothing",Elite Haven
925,DZ5629 WATCH,Watches,"Women, Clothing",Elite Haven
926,DZ4702 WATCH,Timeframes,"Women, Clothing",Elite Haven
927,22 Karat 916 Purity,Men's Jewellery,Men,Elite Haven
928,DX1709040 JEWELLERY,Bracelets,"Women, Clothing",Elite Haven
929,DZ5631 WATCH,Timeframes,"Women, Clothing",Elite Haven
930,DZ4683,Timeframes,"Women, Clothing",Elite Haven
931,DZ4681,Timeframes,"Women, Clothing",Elite Haven
932,DZ2235 WATCH,Timeframes,"Women, Clothing",Elite Haven
933,DX1582040 JEWEL,Necklaces,"Women, Clothing",Elite Haven
934,Michael Kors Jetset,Women,Women,Elite Haven
935,DZ2222,Watches,"Women, Clothing",Elite Haven
936,DZ5627 WATCH,Watches,"Women, Clothing",Elite Haven
937,DZ4706 WATCH,Timeframes,"Women, Clothing",Elite Haven
938,BOSS Rian Necklace,Men,Men,Elite Haven
939,DZ4712 WATCH,Timeframes,"Women, Clothing",Elite Haven
940,DZ4707 WATCH,Timeframes,"Women, Clothing",Elite Haven
941,DX1707040 JEWELLERY,Bracelets,"Women, Clothing",Elite Haven
942,CALVIN KLEIN Magfy,Men,Men,Elite Haven
943,DZ2223,Watches,"Women, Clothing",Elite Haven
944,DX167840 JEWELLERY,Bracelets,"Women, Clothing",Elite Haven
945,FOSSIL Carlie Leath,Women,Women,Elite Haven
946,DZ5611 WATCH,Watches,"Women, Clothing",Elite Haven
947,TOMMY HILFIGER Patt,Men,Men,Elite Haven
948,DZ5609 WATCH,Watches,"Women, Clothing",Elite Haven
949,"Kelly watch, Mini mo",Rings,Women,Elite Haven
950,"Kelly bracelet, smal",Kelly,Women,Elite Haven
951,Arceau Le Temps Voya,Timepieces,Women,Elite Haven
952,Slim d'Hermès GMT wa,Men,Women,Elite Haven
953,Reseau Lumiere ring,Precious moments,Women,Elite Haven
954,BRAHMIN Melbourne Hi,Dresses,"Women, Clothing",Elite Essentials
955,Nintendo Switch 2 Co,Consoles,Video Games,Elite Essentials
956,PlayStation 4 Pro 1T,Consoles,Video Games,Elite Essentials
957,Crystal Noir Parfum,Eau de Parfum,Fragrance,Elite Essentials
958,Interlude EDP 100ml,Eau de Parfum,Fragrance,Elite Essentials
959,65 Inch QLED Smart T,Televisions,Television & Video,Elite Essentials
960,75-Inch A6Q UHD 4K 6,Televisions,Television & Video,Elite Essentials
961,TOMMY HILFIGER,Men,Bags,Elite Essentials
962,BIRKENSTOCK,Women,,Elite Essentials
963,Chaine d'ancre Verso,Chaînes d’ancre,Women,Elite Essentials
964,DZ4706 WATCH,Timeframes,"Women, Clothing",Elite Essentials
965,GTPLAYER #1USA Ergon,Video Game Chairs,Furniture,Elite Essentials
966,(Upgraded Version) N,Notebook Laptops,Computers & Accessories,Elite Essentials
967,32 Inch Curved Gamin,Monitors,Computers & Accessories,Elite Essentials
968,OGIO Pace Pro Duffel,OGIO Pace,"Bags, Women, Clothing",Michael’s fashion store
969,Bellroy Venture Trav,Bags,Women,Michael’s fashion store
970,PINKO Large Puff Max,Bags,Women,ALUXX HUB
971,Strathberry Mosaic B,Bags,Women,ALUXX HUB
972,ALDO ROSINA Printed,Women,"Bags, Women",ALUXX HUB
973,DKNY Beige Remy Top-,Women,"Bags, Women",ALUXX HUB
974,VALENTINO BY MARIO V,Women,"Bags, Women",ALUXX HUB
975,PUMA,Women,,Elite Essentials
976,H&M Regular Fit Cot,Men,"Men, Clothing, Clothing Polo Shirts",Elite Essentials
977,CHANEL Bois Des Iles,Dresses,"Women, Clothing",Elite Essentials
978,"Naxos sandal, Beige/",Sandals,Women,Elite Essentials
979,"Mythic 105 sandal, B",Sandals,Women,Elite Essentials
980,TOPSHOP Tsjay Clutc,Women,"Bags, Women",HarrisonMalik Luxury Store
981,Dylan Blue EDP For W,Eau de Parfum,Fragrance,HarrisonMalik Luxury Store
982,Strathberry Mosaic B,Bags,Women,The Lux Hub
983,Hermès Clou d'H brac,Equestrian,Women,ALUXX HUB
984,Hermès Clou d'H ring,Equestrian,Women,ALUXX HUB
985,iPhone 17 Pro Max 25,Smartphones,Mobiles & Accessories,ALUXX HUB
986,iPhone 17 Pro 256 GB,Smartphones,Mobiles & Accessories,ALUXX HUB
987,iPhone 17 256GB (Nan,Smartphones,Mobiles & Accessories,ALUXX HUB
988,iPhone 17 Pro 256 GB,Smartphones,Mobiles & Accessories,ALUXX HUB
989,iPhone 17 Pro Max 25,Smartphones,Mobiles & Accessories,ALUXX HUB
990,iPhone 17 Pro Max 51,Smartphones,Mobiles & Accessories,ALUXX HUB
991,Men's Round Sunglass,Men's Sunglasses,Men,ALUXX HUB
992,Tom Ford ANDREA-02 R,Men's Sunglasses,Men,ALUXX HUB
993,Tuscan Leather EDP 1,Eau de Parfum,Fragrance,ALUXX HUB
994,Electric Cherry EDP,Eau de Parfum,Fragrance,ALUXX HUB
995,Bitter Peach EDP 50m,Eau de Parfum,Fragrance,ALUXX HUB
996,Neroli Portofino Acq,Eau de Toilette,Fragrance,ALUXX HUB
997,Tuscan Leather EDP 1,Eau de Parfum,Fragrance,ALUXX HUB
998,TOM FORD Noir De Noi,Fragrance,Fragrance,ALUXX HUB
999,PlayStation 5 PRO Di,Consoles,Video Games,ALUXX HUB
1000,Men's Denim Sale,Denim,"Men, Clothing",ALUXX HUB
1001,"""H Cut Remix"" swim t",Beachwear,"Women, Men",ALUXX HUB
1002,"""Eperon d'Or Tattoo""",Beachwear,"Women, Men",ALUXX HUB
1003,"""Metal au Carre"" swi",Beachwear,"Women, Men",ALUXX HUB
1004,"""Calligraphie Equest",Beachwear,"Women, Men",ALUXX HUB
1005,"""H Cut Remix"" swim t",Beachwear,"Women, Men",ALUXX HUB
1006,"""H Cut Remix"" swim t",Beachwear,"Women, Men",ALUXX HUB
1007,"""Metal au Carre"" swi",Beachwear,"Women, Men",ALUXX HUB
1173,5-Piece Non-Piercing,Body Jewellery,Women,The Eclat Lux
1175,Minimalist geometric,Women's Necklaces,Women,The Eclat Lux
1177,3 Pcs Women's Jewelr,Women's Jewellery Sets,Women,The Eclat Lux
1180,New card holder wall,Men's Wallets,Men,The Eclat Lux
1181,Emblem Pebble Grain,"Women's Wallets, Card Cases & Money Organizers",Women,The Eclat Lux
1183,Laurel II Cardholder,Women's Wallets,Women,The Eclat Lux
1186,Giully II Small Zip,Women's Wallets,Women,The Eclat Lux
1187,Ashlyn Logo Detail C,"Women's Wallets, Card Cases & Money Organizers",Women,The Eclat Lux
1188,Croc Effect Small Zi,Women's Wallets,Women,The Eclat Lux
1290,Eros EDP For Women 1,Fragrance,Fragrance,The Eclat Lux
1291,Bright Crystal EDT 9,Fragrance,Fragrance,The Eclat Lux
1292,Pour Homme EDT 100ml,Fragrance,Fragrance,The Eclat Lux
1293,Crystal Noir EDT For,Fragrance,Fragrance,The Eclat Lux
1355,18K Gold Plated Stai,Men's Jewellery,Men,The Eclat Lux
1356,5 Piece Clutch Bag R,Women's Jewellery Sets,Women,The Eclat Lux
1359,His and Hers Engagem,Women's Rings,Women,The Eclat Lux
1360,Multi-functional Jew,Jewellery Organizers,Women,The Eclat Lux
1361,5 Pairs 304 Stainles,Women's Earrings Stud,Women,The Eclat Lux
1363,Stackable Jewelry Tr,Men's Jewellery,Men,The Eclat Lux
1364,Jewelry Box Organize,Jewellery Boxes,Women,The Eclat Lux
1365,Sliding necklace wom,Women's Necklaces,Women,The Eclat Lux
1366,Sterile Ear Piercing,Men's Earrings,Men,The Eclat Lux
1367,Adjustable Islamic A,Women's Rings,Women,The Eclat Lux
1368,Amber Resin Prayer B,Men's Prayer Beads,Men,The Eclat Lux
1369,Ionic Gold Plated St,Women's Earrings Stud,Women,The Eclat Lux
1370,Stackable Jewelry Tr,Men's Jewellery,Men,The Eclat Lux
1371,"Makeup Organizer, Co",Men's Jewellery,Men,The Eclat Lux
1372,Adjustable Islamic A,Women's Rings,Women,The Eclat Lux
1373,Natural Pearl Tasbih,Men's Prayer Beads,Men,The Eclat Lux
1374,5 Piece Clutch Bag R,Women's Jewellery Sets,Women,The Eclat Lux
1375,PALMONAS 18k Gold To,Anklets,Women,The Eclat Lux
1376,Fancy Black Fashiona,Hair Jewelry,Women,The Eclat Lux
1377,Jewelry Box Organize,Jewellery Boxes,Women,The Eclat Lux
1378,925 Sterling Silver,Women's Earrings Drop & Dangle,Women,The Eclat Lux
1381,Logo Accent Zip Arou,Women's Wallets,Women,The Eclat Lux
1382,Women 2Pcs Brand Log,Women's Wallets,Women,The Eclat Lux
1383,Professional Busines,"Women's Wallets, Card Cases & Money Organizers",Women,The Eclat Lux
1384,Flat Purse Chain Str,Handbag Accessories,Women,The Eclat Lux
1385,"Purse Chain Strap,Ha",Bags & Luggage,Bags & Luggage,The Eclat Lux
1386,New children's cute,Men's Wallets,Men,The Eclat Lux
1387,Women Brand Logo Thr,Women's Wallets,Women,The Eclat Lux
1389,Women Brand Logo Wal,Women's Wallets,Women,The Eclat Lux
1390,Stylish Women's RFID,Women's Coin Purses & Pouches,Women,The Eclat Lux
1391,"Multi,Purpose Canvas",Handbag Accessories,Women,The Eclat Lux
1392,Women Wallet Soft Le,Women's Wallets,Women,The Eclat Lux
1396,Professional Busines,"Women's Wallets, Card Cases & Money Organizers",Women,The Eclat Lux
1397,Blank DIY Craft Bag,Handbag Accessories,Women,The Eclat Lux
1398,"Leather Coin Pouch,",Men's Wallets,Men,The Eclat Lux
1399,Credit Card Holder B,"Women's Wallets, Card Cases & Money Organizers",Women,The Eclat Lux
1400,Flora Bella Monogram,Women's Wallets,Women,The Eclat Lux
1401,Icon Medium Zip Arou,Women's Wallets,Women,The Eclat Lux
1402,Card Holder Wallet w,Men's Wallets,Men,The Eclat Lux
1403,Croc Effect Small Zi,Women's Wallets,Women,The Eclat Lux
1404,Slim Wallet RFID Fro,"Women's Wallets, Card Cases & Money Organizers",Women,The Eclat Lux
1405,Echo Logo Bifold Car,"Women's Wallets, Card Cases & Money Organizers",Women,The Eclat Lux
1406,Small Wallet Women R,Women's Wallets,Women,The Eclat Lux
1407,Women Wallet Leathe,Women's Wallets,Women,The Eclat Lux
1408,Small Crinkle Zip Ar,Women's Wallets,Women,The Eclat Lux
1409,Giully II Small Zip,Women's Wallets,Women,The Eclat Lux
1410,Printed Card Holder,Women's Wallets,Women,The Eclat Lux
1411,Skycare Genuine Leat,Handbag Accessories,Women,The Eclat Lux
1412,Leather Card Holder,"Women's Wallets, Card Cases & Money Organizers",Women,The Eclat Lux
1413,Amorette Logo Wallet,Women's Wallets,Women,The Eclat Lux
1414,Carrie Logo Card Hol,"Women's Wallets, Card Cases & Money Organizers",Women,The Eclat Lux
1415,Laurel II Logo Walle,Women's Wallets,Women,The Eclat Lux
1416,Croc Effect Card Hol,"Women's Wallets, Card Cases & Money Organizers",Women,The Eclat Lux
1417,Laurel II Small Zip,Women's Wallets,Women,The Eclat Lux
1418,Ashlyn Logo Detail C,"Women's Wallets, Card Cases & Money Organizers",Women,The Eclat Lux
1419,Croc Effect Large Ic,Women's Shopper Totes,Women,The Eclat Lux
1422,Embellished Crossbod,Women's Cross-body Bags,Women,The Eclat Lux
1427,Hermès In-the-Loop 1,Women's bags and clutches,Women,The Eclat Lux
1428,Hermès Videpoches ba,Women's bags and clutches,Women,The Eclat Lux
1429,"Noumea 85 sandal, Be",Sandals,Women,The Eclat Lux
1430,"Naos sandal, Black",Sandals,Women,The Eclat Lux
1431,"Noa 95 sandal, Beige",Sandals,Women,The Eclat Lux
1432,"Santorini sandal, Re",Sandals,Women,The Eclat Lux
1433,"Mythic 105 sandal, B",Sandals,Women,The Eclat Lux
1434,"Chypre sandal, Blue",Sandals,Women,The Eclat Lux
1435,"Empire sandal, Brown",Sandals,Women,The Eclat Lux
